{"scheme":"hillT",
"initCond": "none",
"sim_method": "modified_next_reaction",
"enzymic_detach": false,
"force_update": 2,
"loadSharing": true,
"beta":5,

"mc":60,
"f0":600,
"tc":120000,
"vc": 1,
"tau_a": [300000, 300000],
"tau_b": [300000, 600000],
"ea": 12.611538,
"eb": 15.03,
"ec": 12.611538,
"ed": 12.611538,
"xb1": 1.5,
"xb2": 2.0,
"ton": 20000,
"eon": 9.90349,
"pot":"phenomenon",
"l0": 0,
"l1": 100,
"tm":999,
"tmin":1000,
"kf":0.01,
"df":2
}
